agente,N,K,M,densidad,semilla,colocadas,total_fichas,ocupadas,mayor,aptitud,tiempo,esfuerzo,termino,motivo_paro
busqueda,4,2,18,1.125,1,18,18,2,23,304,0.0,18,True,optimo
evolutivo,4,2,18,1.125,1,18,18,2,23,304,0.578,9998,True,estancamiento
busqueda,4,2,18,1.125,2,18,18,2,25,304,0.0,18,True,optimo
evolutivo,4,2,18,1.125,2,18,18,2,25,304,0.516,10488,True,estancamiento
busqueda,4,2,18,1.125,3,18,18,2,27,304,0.0,18,True,optimo
evolutivo,4,2,18,1.125,3,18,18,2,27,304,0.422,8626,True,estancamiento
busqueda,4,4,18,1.125,1,18,18,4,18,302,0.0,18,True,optimo
evolutivo,4,4,18,1.125,1,18,18,5,12,301,0.421,8430,True,estancamiento
busqueda,4,4,18,1.125,2,18,18,4,14,302,0.0,87,True,optimo
evolutivo,4,4,18,1.125,2,18,18,4,14,302,0.454,9018,True,estancamiento
busqueda,4,4,18,1.125,3,18,18,4,22,302,0.0,18,True,optimo
evolutivo,4,4,18,1.125,3,18,18,4,22,302,0.5,9802,True,estancamiento
busqueda,4,6,18,1.125,1,18,18,6,20,300,0.015,360,True,optimo
evolutivo,4,6,18,1.125,1,18,18,8,20,298,0.297,6274,True,estancamiento
busqueda,4,6,18,1.125,2,18,18,6,12,300,0.0,87,True,optimo
evolutivo,4,6,18,1.125,2,18,18,7,12,299,0.375,7842,True,estancamiento
busqueda,4,6,18,1.125,3,18,18,5,15,301,0.0,87,True,optimo
evolutivo,4,6,18,1.125,3,18,18,6,9,300,0.484,9312,True,estancamiento
busqueda,6,2,40,1.111,1,40,40,2,55,1478,0.016,40,True,optimo
evolutivo,6,2,40,1.111,1,40,40,8,31,1472,1.312,6764,True,estancamiento
busqueda,6,2,40,1.111,2,40,40,2,59,1478,0.016,40,True,optimo
evolutivo,6,2,40,1.111,2,40,40,4,43,1476,2.906,16858,True,estancamiento
busqueda,6,2,40,1.111,3,40,40,2,57,1478,0.016,40,True,optimo
evolutivo,6,2,40,1.111,3,40,40,4,47,1476,2.187,13134,True,estancamiento
busqueda,6,4,40,1.111,1,40,40,4,35,1476,0.156,822,True,optimo
evolutivo,6,4,40,1.111,1,40,40,11,21,1469,1.61,9410,True,estancamiento
busqueda,6,4,40,1.111,2,40,40,4,33,1476,0.031,197,True,optimo
evolutivo,6,4,40,1.111,2,40,40,11,30,1469,1.625,9606,True,estancamiento
busqueda,6,4,40,1.111,3,40,40,4,34,1476,0.016,40,True,optimo
evolutivo,6,4,40,1.111,3,40,40,11,22,1469,1.562,9802,True,estancamiento
busqueda,6,6,40,1.111,1,40,40,6,27,1474,0.688,3291,True,optimo
evolutivo,6,6,40,1.111,1,40,40,15,13,1465,1.828,11958,True,estancamiento
busqueda,6,6,40,1.111,2,40,40,6,27,1474,0.141,822,True,optimo
evolutivo,6,6,40,1.111,2,40,40,15,22,1465,1.328,8724,True,estancamiento
busqueda,6,6,40,1.111,3,40,40,6,26,1474,0.031,197,True,optimo
evolutivo,6,6,40,1.111,3,40,40,16,17,1464,1.594,9606,True,estancamiento
busqueda,8,2,70,1.094,1,70,70,2,98,4548,0.031,70,True,optimo
evolutivo,8,2,70,1.094,1,70,70,14,37,4536,4.297,10880,True,estancamiento
busqueda,8,2,70,1.094,2,70,70,2,100,4548,0.031,70,True,optimo
evolutivo,8,2,70,1.094,2,70,70,10,62,4540,7.766,19504,True,estancamiento
busqueda,8,2,70,1.094,3,70,70,2,113,4548,0.031,70,True,optimo
evolutivo,8,2,70,1.094,3,70,70,12,27,4538,5.609,14016,True,estancamiento
busqueda,8,4,70,1.094,1,70,70,4,49,4546,0.172,347,True,optimo
evolutivo,8,4,70,1.094,1,70,70,20,16,4530,8.922,22836,True,estancamiento
busqueda,8,4,70,1.094,2,70,70,4,50,4546,0.047,70,True,optimo
evolutivo,8,4,70,1.094,2,70,70,27,16,4523,3.766,9214,True,estancamiento
busqueda,8,4,70,1.094,3,70,70,4,58,4546,0.031,70,True,optimo
evolutivo,8,4,70,1.094,3,70,70,24,23,4526,4.703,11468,True,estancamiento
busqueda,8,6,70,1.094,1,70,70,6,48,4544,4.016,5869,True,optimo
evolutivo,8,6,70,1.094,1,70,70,31,17,4519,4.64,11468,True,estancamiento
busqueda,8,6,70,1.094,2,70,70,6,46,4544,4.141,5869,True,optimo
evolutivo,8,6,70,1.094,2,70,70,33,19,4517,3.594,8724,True,estancamiento
busqueda,8,6,70,1.094,3,70,70,6,41,4544,0.187,347,True,optimo
evolutivo,8,6,70,1.094,3,70,70,34,17,4516,3.438,8822,True,estancamiento
busqueda,10,2,110,1.1,1,110,110,2,142,11108,0.125,110,True,optimo
evolutivo,10,2,110,1.1,1,110,110,25,30,11085,10.0,10880,False,tiempo
busqueda,10,2,110,1.1,2,110,110,2,164,11108,0.141,110,True,optimo
evolutivo,10,2,110,1.1,2,110,110,25,48,11085,10.047,10194,False,tiempo
busqueda,10,2,110,1.1,3,110,110,2,155,11108,0.157,110,True,optimo
evolutivo,10,2,110,1.1,3,110,110,23,27,11087,10.093,8528,False,tiempo
busqueda,10,4,110,1.1,1,110,110,4,75,11106,0.141,110,True,optimo
evolutivo,10,4,110,1.1,1,110,110,46,25,11064,10.047,9704,False,tiempo
busqueda,10,4,110,1.1,2,110,110,4,95,11106,0.156,110,True,optimo
evolutivo,10,4,110,1.1,2,110,110,43,26,11067,10.063,9998,False,tiempo
busqueda,10,4,110,1.1,3,110,110,4,81,11106,0.703,547,True,optimo
evolutivo,10,4,110,1.1,3,110,110,44,16,11066,10.062,10292,False,tiempo
busqueda,10,6,110,1.1,1,110,110,6,67,11104,1.016,547,True,optimo
evolutivo,10,6,110,1.1,1,110,110,55,21,11055,10.031,9900,False,tiempo
busqueda,10,6,110,1.1,2,110,110,7,55,11103,10.063,6069,False,tiempo
evolutivo,10,6,110,1.1,2,110,110,55,13,11055,10.062,10194,False,tiempo
busqueda,10,6,110,1.1,3,110,110,6,64,11104,0.719,547,True,optimo
evolutivo,10,6,110,1.1,3,110,110,56,15,11054,10.078,10292,False,tiempo
